INSERT INTO student(student_id, student_email, student_password, student_name, student_birthday) VALUES ('aabb', 'hello@gmail.com', '1234', 'Nikolay', '2007-01-01'), ('bbcc', 'python@gmail.com', 'dcba', 'Max', '2008-01-01'), ('ccdd', 'java@gmail.com', 'hello', 'Alex', '2009-01-01'), ('ddee', 'world@gmail.com', 'python', 'Sam', '2010-01-01'), ('eeff', 'greetings@gmail.com', 'foxminded', 'John', '2011-01-01'), ('ffgg', 'hi@gmail.com', 'junior', 'Stanislav', '2001-01-01')
INSERT INTO teacher(teacher_id, teacher_email, teacher_password, teacher_name, teacher_birthday) VALUES ('aabb', 'hp@gmail.com', '0987', 'Noah', '2007-01-01'), ('bbcc', 'dell@gmail.com', 'abcd', 'Liam', '2006-01-01'), ('ccdd', 'php@gmail.com', 'world', 'Oliver', '2005-01-01'), ('ddee', 'it@gmail.com', 'java', 'Olivia', '2004-01-01'), ('eeff', 'friends@gmail.com', 'f0x', 'Emma', '2003-01-01'), ('ffgg', 'xeros@gmail.com', 'senior', 'Timofey', '2001-01-01')
INSERT INTO "group"(group_id, group_name, group_course) VALUES ('aabb', 'BIb-16I1', '1'), ('bbcc', 'PI-18I1', '2'), ('ccdd', 'ASb-18I1', '3')
INSERT INTO group_student("group", student) VALUES ('aabb', 'ccdd'), ('aabb', 'bbcc'), ('aabb', 'ddee'), ('bbcc', 'aabb'), ('bbcc', 'eeff'), ('ccdd', 'ccdd'), ('ccdd', 'bbcc')
INSERT INTO faculty(faculty_id, faculty_name) VALUES ('aabb', 'Information Systems'), ('bbcc', 'Automobile Roads')
INSERT INTO faculty_group(faculty, "group") VALUES ('aabb', 'aabb'), ('aabb', 'bbcc'), ('bbcc', 'bbcc')
INSERT INTO department(department_id, department_name) VALUES ('aabb', 'Information Security'), ('bbcc', 'Information Technologies'), ('ccdd', 'Automobile structure')
INSERT INTO department_teacher(department, teacher) VALUES ('aabb', 'eeff'), ('aabb', 'ddee'), ('bbcc', 'ccdd'), ('bbcc', 'bbcc'), ('ccdd', 'aabb')
INSERT INTO discipline(discipline_id, discipline_name) VALUES ('aabb', 'Programming Languages'), ('bbcc', 'Automobile parts'), ('ccdd', 'Information Security')
INSERT INTO discipline_teacher(discipline, teacher) VALUES ('aabb', 'aabb'), ('aabb', 'bbcc'), ('bbcc', 'ccdd'), ('ccdd', 'ddee'), ('ccdd', 'eeff')
INSERT INTO audience(audience_id, audience_number, audience_floor) VALUES ('aabb', '251', '2'), ('bbcc', '328', '3'), ('ccdd', '113', '1')
INSERT INTO lesson(lesson_id, discipline, audience, lesson_type, "date", time_start, time_end, teacher, "group") VALUES ('aabb', 'aabb', 'aabb', 'LECTURE', '2021-07-08', '13:45:00', '15:20:00', 'bbcc', 'aabb'), ('bbcc', 'bbcc', 'bbcc', 'LAB', '2021-07-09', '11:30:00', '13:00:00', 'ccdd', 'bbcc')